# seconds_into_experiment	num_bbs_total	new_bbs_since_last
0	323	0x80001ac 0x80001c2 0x80001c8 0x8000320 0x800032e 0x8000340 0x8000350 0x8000354 0x8001e68 0x8001e70 0x8003008 0x800301c 0x800302c 0x800375c 0x8003766 0x8003774 0x800377c 0x8003ff0 0x8004008 0x800400e 0x8004016 0x8004098 0x8004d7a 0x8004d86 0x8004da4 0x8004dc6 0x8004dcc 0x800515c 0x8005166 0x800516c 0x8005254 0x8005284 0x80052b4 0x8005348 0x8005356 0x8005366 0x800536a 0x80053e2 0x80053e6 0x80056cc 0x8005708 0x8005716 0x8005720 0x800572e 0x800578c 0x8005794 0x80057ac 0x80057b0 0x8005958 0x800596c 0x800599c 0x80059a2 0x80059a6 0x8005a08 0x8005a20 0x8005a3c 0x8005b90 0x8005ba4 0x8005bd0 0x8005be4 0x8005bfa 0x8005c0c 0x8005ca0 0x8005cb8 0x8005cc4 0x8005cde 0x8005cf6 0x8005d00 0x8005d0c 0x8005d10 0x8005d1c 0x8005d28 0x8005d3a 0x8005d3e 0x8005d4a 0x8005d4e 0x8005d5a 0x8005d66 0x8005d98 0x8005e7a 0x8005eec 0x8005ff0 0x8005ffa 0x8006008 0x8006010 0x800601a 0x8006022 0x8006026 0x8006032 0x800603e 0x80060d0 0x80060d8 0x80060dc 0x80060e8 0x80060f4 0x800612a 0x8006140 0x800615c 0x8006172 0x8006176 0x8006184 0x800619c 0x80061a4 0x80061ba 0x80061d0 0x8006202 0x800620a 0x800620c 0x8006210 0x800621c 0x8006228 0x8006248 0x8006254 0x800626c 0x8006274 0x8006280 0x800633a 0x8006346 0x8006364 0x8006382 0x800639a 0x80063aa 0x80063ac 0x80064a0 0x80064c2 0x80064c6 0x80064ca 0x80064d0 0x80065b8 0x80065be 0x80065d8 0x80065e2 0x8006630 0x800663a 0x8006900 0x8006948 0x8006ab0 0x8006ac4 0x8006adc 0x8006af0 0x8006b50 0x8006b7a 0x8006b82 0x8006c48 0x8006c5e 0x8006c70 0x8006c8c 0x8006c9a 0x8006ca2 0x8006cb8 0x8006cc4 0x8006cd2 0x8006d1e 0x8006d2c 0x8006e34 0x8006e50 0x8006e6e 0x8006e76 0x8006e7e 0x8006ed6 0x8006f0e 0x8006f16 0x8006f1e 0x8006f26 0x8006f80 0x8006fba 0x800707e 0x80070ba 0x80070de 0x8007112 0x800711e 0x800712a 0x8007130 0x8007138 0x80072e2 0x8007300 0x80073aa 0x80073dc 0x80073e0 0x80073e2 0x800742c 0x8007436 0x800745a 0x8007460 0x8007464 0x8007474 0x8007486 0x800748c 0x80074a2 0x80074ba 0x80074ec 0x80074f4 0x80074f8 0x80074fc 0x8007500 0x8007504 0x8007508 0x800750e 0x8007518 0x8007668 0x80076f2 0x80076fc 0x8007708 0x800770e 0x8007718 0x800771c 0x8007720 0x8007728 0x8007734 0x800779c 0x80077a4 0x80077d0 0x80077d6 0x80077dc 0x80077ec 0x800781c 0x8007826 0x8007830 0x800783c 0x8007848 0x8007854 0x8007860 0x800788c 0x800789c 0x80078b0 0x80078b6 0x80078c8 0x80078da 0x80078e2 0x80078f2 0x80078fc 0x8007904 0x8007910 0x800792e 0x8007934 0x8007940 0x8007948 0x800794a 0x8007958 0x8007966 0x8007978 0x80079a8 0x80079b8 0x80079c6 0x80079dc 0x80079e4 0x80079f0 0x8007a08 0x8007a1c 0x8007a3c 0x8007a4a 0x8007a54 0x8007a58 0x8007a68 0x8007a7a 0x8007af6 0x8007b5a 0x8007c14 0x8007c2c 0x8007c38 0x8007c48 0x8007c54 0x8007c60 0x8007c70 0x8007c7c 0x8007c88 0x8007c98 0x8007ca0 0x8007cb0 0x8007d40 0x8007da0 0x8007da8 0x8007dac 0x8007db0 0x8007db4 0x8007dc4 0x8007dd0 0x8007e3c 0x8007e5a 0x8007e62 0x8007ec6 0x8007eec 0x800800c 0x8008014 0x8008098 0x800809c 0x80080be 0x80080d6 0x8008114 0x8008128 0x8008138 0x80081b6 0x80081dc 0x80081e8 0x80081fa 0x8009260 0x8009268 0x8009270 0x800927a 0x800927e 0x8009284 0x800928a 0x800928e 0x8009292 0x800b3b8 0x800b3d4 0x800b3de 0x800b3e6 0x800b3ee 0x800b3f2 0x800b408 0x800b428 0x800b42c 0x800b43a 0x800b45a 0x800b46e 0x800b472 0x800b47c 0x800b498 0x800b49c 0x800b4a4 0x800b4ae 0x800b5c4
1	326	0x80064d6 0x800650c 0x800657e
2	339	0x8005cea 0x8005d96 0x8006294 0x80062aa 0x80062dc 0x80062e4 0x80062e6 0x80062ea 0x80062f6 0x8006302 0x8006320 0x8006336 0x8006546
3	343	0x8005cd0 0x8006126 0x800612c 0x8007432
4	349	0x8007f04 0x8007f0c 0x8007f90 0x8007f94 0x8007fb6 0x8007fce
5	349	
6	349	
7	349	
8	349	
9	349	
10	349	
11	349	
12	349	
13	349	
14	349	
15	349	
16	414	0x8000370 0x8000388 0x80003a4 0x80003c2 0x80003ca 0x80003d2 0x80003d6 0x80003d8 0x80003fa 0x8000400 0x8000406 0x8000410 0x80038ba 0x80038cc 0x80038e0 0x80038ea 0x80038f2 0x80038fc 0x8003902 0x8003908 0x8003910 0x800391e 0x800392c 0x8003944 0x8003950 0x8003956 0x800398e 0x8003994 0x80039a8 0x80039b4 0x80039da 0x80039f4 0x800409e 0x80040b8 0x80040be 0x8004210 0x800421a 0x8004bd2 0x8004bde 0x8004be8 0x8004bf0 0x8004c00 0x8004cac 0x8005172 0x8005178 0x8008c78 0x8008c8e 0x8008caa 0x8008cd0 0x8008cf0 0x8008cf6 0x8008d0a 0x8008e88 0x8008ea0 0x8008eb0 0x8008ede 0x8009138 0x8009154 0x80091a0 0x80091a6 0x80091c4 0x80091cc 0x8009214 0x800921e 0x8009228
17	414	
19	414	
20	414	
21	414	
22	414	
23	415	0x80039ee
24	415	
25	415	
26	417	0x8005bf6 0x8005c1a
27	419	0x80039fa 0x8004224
28	420	0x800422a
29	420	
30	420	
31	420	
32	420	
33	420	
34	420	
35	421	0x8004234
36	421	
37	421	
38	421	
39	421	
40	421	
41	421	
132	777	0x8000200 0x8000218 0x8000224 0x8000232 0x800023c 0x8000244 0x8000248 0x800041c 0x800043a 0x8000446 0x8000452 0x800045e 0x800047a 0x8000480 0x8000486 0x80004a8 0x80004dc 0x80004ea 0x80004fc 0x800050e 0x800051a 0x800052c 0x800053e 0x800054c 0x800055a 0x8000568 0x8000576 0x8000584 0x80005e4 0x80005fc 0x800062c 0x800063a 0x8000d56 0x8000d68 0x8000d70 0x8000d78 0x80018bc 0x80018d4 0x80018f6 0x800190e 0x8001916 0x8001920 0x8001936 0x800193c 0x8001948 0x80019b4 0x80019be 0x80019d4 0x80019e0 0x8001e74 0x8001e78 0x8001e82 0x8001e8e 0x8001e96 0x8001e9a 0x8001e9e 0x8001ea2 0x8001ea6 0x8001eaa 0x8001eae 0x8001eb2 0x8001eb6 0x8001ed0 0x8001ede 0x8001eec 0x8001efa 0x8001f00 0x8001f0c 0x8001f10 0x8001f14 0x80026d0 0x8002702 0x8002716 0x800271e 0x800272a 0x800273a 0x8002798 0x80027a0 0x80027ac 0x80027be 0x80027c4 0x8002890 0x80028d2 0x80028e8 0x80028fa 0x8002908 0x8002922 0x8002f84 0x8002f9e 0x8002fb8 0x8002fc0 0x8002fca 0x8003684 0x8003784 0x80037a0 0x80037aa 0x80037ae 0x80037b0 0x80037b6 0x80037c2 0x80037ca 0x80037ee 0x8003802 0x800380a 0x800381c 0x8003822 0x8003824 0x800385c 0x8003862 0x8003864 0x8003878 0x800387e 0x8003884 0x8003890 0x80038aa 0x80038b2 0x8003996 0x80039c0 0x8003a14 0x8003a34 0x8003a3c 0x8003a40 0x8003b04 0x8003b16 0x8003b7c 0x8003b8e 0x8003b98 0x8003b9c 0x8003bac 0x8003bb6 0x8003bba 0x8003bca 0x8003bd4 0x8003bd8 0x8003be8 0x8003c1a 0x8003c28 0x8003c3a 0x8003c50 0x8003c62 0x8003c66 0x8003c70 0x8003c76 0x8003c7a 0x8003de6 0x8003df6 0x8003dfc 0x8003ede 0x8003ee4 0x8003ee6 0x8003ef8 0x8003f00 0x8003f06 0x8003f0c 0x8003f10 0x8003f18 0x8003f20 0x8003f32 0x8003f3a 0x8003f3c 0x8003f42 0x8003f46 0x8003f48 0x8003f50 0x8003f56 0x8003f5e 0x8003f64 0x8003f6a 0x8003f70 0x8003f78 0x8003f8c 0x8003f92 0x8003f98 0x8003fb2 0x8003fc6 0x8003fca 0x8003fd4 0x8003fd8 0x8004000 0x8004006 0x8004050 0x8004056 0x8004058 0x800405e 0x8004160 0x8004170 0x8004178 0x800419c 0x80041a2 0x80041bc 0x80041c2 0x80041e8 0x80041f2 0x800423a 0x8004244 0x800424a 0x8004254 0x800425a 0x8004264 0x800426a 0x8004274 0x800427a 0x8004284 0x800428a 0x8004294 0x800429a 0x80042a6 0x80042ac 0x80042b8 0x80042c0 0x80042c6 0x80042d0 0x80042d6 0x80042e0 0x80042e6 0x80042f2 0x80042f8 0x8004304 0x800430a 0x8004324 0x800432a 0x8004344 0x800434a 0x8004364 0x800436a 0x8004384 0x800438a 0x80043a4 0x80043aa 0x80043b4 0x80043ba 0x80043c4 0x80043ca 0x80043d4 0x80043da 0x80043e4 0x80043ea 0x80043f4 0x80043fa 0x8004404 0x800440a 0x8004414 0x800441a 0x8004424 0x800442a 0x80048f0 0x800490c 0x8004934 0x800493a 0x800496c 0x8004972 0x8004978 0x800498e 0x800499c 0x80049f4 0x8004a08 0x8004a0e 0x8004a14 0x8004a1a 0x8004a20 0x8004a26 0x8004aa4 0x8004ad0 0x8004ada 0x8004afe 0x8004b04 0x8004b0a 0x8004b10 0x8004b16 0x8004b1c 0x8004d24 0x8004d52 0x8004d70 0x800517c 0x8005182 0x800518e 0x800519a 0x80051a0 0x80051a6 0x80051bc 0x80051e0 0x80051ee 0x80051f8 0x8005200 0x80052c0 0x80052cc 0x80052e2 0x80052f8 0x8005738 0x8005740 0x8005778 0x80057bc 0x80057ca 0x80057d2 0x80057e4 0x80057f2 0x80057f6 0x80057fa 0x8005824 0x800583c 0x8005848 0x800588c 0x80058a8 0x80058bc 0x80058c0 0x80058c4 0x80058c6 0x80058ca 0x80058ce 0x80058d0 0x80058f4 0x800590c 0x8005912 0x80074aa 0x80078fa 0x8007b88 0x8007bbc 0x8007df0 0x8007e1c 0x800821e 0x8008228 0x800822e 0x8008232 0x800823e 0x8008244 0x8008248 0x800824a 0x8008c74 0x8008d64 0x8008d74 0x8008d7a 0x8008d84 0x8008d8e 0x8008d94 0x8008de0 0x8008eee 0x8008f80 0x8008f90 0x8008f9c 0x8008ff0 0x8009008 0x8009018 0x8009074 0x800907a 0x80090dc 0x80090f8 0x8009108 0x8009114 0x800911c 0x800923e 0x800b40e 0x800b414 0x800b420 0x800b440 0x800b48c 0x800b490
133	777	
134	777	
135	777	
136	777	
137	777	
138	778	0x8007bc2
139	778	
140	778	
141	778	
142	778	
144	788	0x8003bf2 0x8003bf6 0x8003c04 0x8003ce2 0x8003cf8 0x8004060 0x8004066 0x8005804 0x800581a 0x80058e2
145	849	0x800024c 0x8000286 0x8000648 0x8000650 0x800065c 0x8000668 0x8000674 0x800067a 0x8000d14 0x8000d80 0x8000d9a 0x8000da6 0x8000f46 0x8000f58 0x8000f60 0x8000f70 0x8000f78 0x8000f84 0x8000f8e 0x8000fc4 0x80013a4 0x80013b0 0x8001892 0x80018b8 0x80018f2 0x8001946 0x800274c 0x8002758 0x800276a 0x80027b0 0x80027c8 0x80027ce 0x80027dc 0x80027e2 0x800280c 0x8002816 0x8002840 0x8002864 0x8002878 0x8003c6a 0x8003c6e 0x8005204 0x8005248 0x8008534 0x8008552 0x8008b3c 0x8008b46 0x8008b48 0x8008b52 0x8008b6c 0x8008dd8 0x8008de8 0x8008df0 0x8008e36 0x8008e46 0x80091b0 0x80091b8 0x8009740 0x8009750 0x8009754 0x800979a
147	855	0x8003c54 0x8003c58 0x8003c5c 0x8003c60 0x8003d96 0x8003de2
148	863	0x8000ba0 0x8000ba6 0x8000c30 0x8000c3e 0x8000cd8 0x8000d12 0x8000d1c 0x8000d38
150	863	
151	863	
153	863	
155	865	0x8003cc2 0x8003cd8
156	865	
158	870	0x8003f80 0x8003f86 0x8003f8a 0x80040b0 0x80040b6
159	870	
161	870	
162	870	
164	870	
165	870	
167	870	
169	870	
170	870	
172	870	
173	870	
175	873	0x80005f6 0x80040a8 0x80040ae
176	873	
178	873	
179	873	
180	873	
181	873	
182	873	
183	888	0x8003068 0x800307a 0x800307e 0x8003084 0x800308c 0x8003090 0x80051b0 0x80051d4 0x800521a 0x800521e 0x8005226 0x8005234 0x8005238 0x800523c 0x8005242
184	888	
185	888	
186	915	0x800045a 0x8000460 0x8001ef2 0x8001f02 0x800267c 0x800268e 0x80026a2 0x80026a6 0x80026c4 0x8003a50 0x8003a5c 0x8003a66 0x8003a6c 0x8003a72 0x8003a90 0x8003a96 0x8003a9c 0x8003b86 0x8004b68 0x8004b94 0x8004cd4 0x8004d00 0x8004d06 0x8004d16 0x8004d1c 0x8005906 0x800590a
187	923	0x8003aa8 0x8003aba 0x8003abe 0x8003af6 0x80074b4 0x80074cc 0x80074e4 0x800793a
188	923	
189	923	
190	924	0x8003fd6
191	924	
192	926	0x8003e00 0x8003e14
193	926	
194	926	
195	926	
196	929	0x8000c28 0x8000c38 0x8000cc8
197	929	
198	934	0x8003c7c 0x8003c80 0x8003eda 0x80041fc 0x8004206
199	936	0x800495c 0x8004962
200	936	
201	936	
202	936	
203	938	0x8003c82 0x8003c98
204	1098	0x8001954 0x8001984 0x8001a24 0x8001a68 0x8001a72 0x8001a86 0x8001a92 0x8001a96 0x8001aa0 0x8001ab4 0x8001ac0 0x8001ac4 0x8001ace 0x8001ae2 0x8001aee 0x8001af2 0x8001b0c 0x8001b1a 0x8001b26 0x8001b32 0x8001b3e 0x8001b4e 0x8001b58 0x8001b60 0x8001b6c 0x8001b78 0x8001b86 0x8001b92 0x8001b9c 0x8001ba4 0x8001bb0 0x8001bbc 0x8001bc6 0x8001bce 0x8001bda 0x8001bea 0x8001c28 0x8001c32 0x8001c3a 0x8001c60 0x8001c68 0x8001c70 0x8001c82 0x8001c90 0x8001ca4 0x8001cb4 0x8001cbe 0x8001ccc 0x8001cd6 0x8001ce8 0x8001cf0 0x8001cfa 0x8001d08 0x8001d12 0x8001d2c 0x8001d34 0x8001d3c 0x8001d42 0x8001d50 0x8001d58 0x8001d62 0x8001d6a 0x8001d70 0x8001dc4 0x8001dd8 0x8001de2 0x8001df0 0x8002554 0x80028c0 0x8003d5c 0x8003d6a 0x8003d7a 0x8008278 0x80082a2 0x80082b0 0x80083b0 0x80083e6 0x80084f0 0x80084fa 0x80085dc 0x80085fc 0x800861e 0x800865c 0x800867c 0x8008690 0x8008830 0x8008850 0x8008864 0x8008898 0x80088b2 0x8008912 0x8008930 0x8008936 0x800894e 0x800895c 0x8008974 0x8008a10 0x8008a2c 0x8008a46 0x8008a8c 0x8008a9c 0x8008aa2 0x8008ac0 0x8008ac8 0x8008afc 0x8008b04 0x8008b10 0x8008b20 0x8008b30 0x8008b8c 0x8008b90 0x8008b96 0x8008b98 0x8008ba2 0x8008bcc 0x8008be0 0x8009036 0x80092b8 0x80092d4 0x80092d8 0x80092e6 0x80092f0 0x80092f8 0x80092fa 0x80092fe 0x8009324 0x8009588 0x80095aa 0x80095ae 0x8009864 0x8009872 0x8009882 0x800988e 0x8009892 0x80098a6 0x80098a8 0x800a17c 0x800a18c 0x800a194 0x800a198 0x800a1a8 0x800a1bc 0x800a1cc 0x800a1d4 0x800a1e0 0x800a1ea 0x800a1ec 0x800a1fe 0x800a206 0x800a20e 0x800a210 0x800a218 0x800a21a 0x800a222 0x800a228 0x800a240 0x800a244 0x800a262 0x800a26c 0x800a270
205	1098	
206	1098	
207	1098	
208	1098	
209	1098	
210	1098	
211	1098	
212	1098	
213	1098	
214	1098	
215	1098	
216	1098	
217	1098	
218	1098	
219	1100	0x800286c 0x800287e
220	1100	
221	1100	
222	1100	
223	1100	
224	1100	
225	1106	0x8000eb0 0x8000ebc 0x8000ec8 0x8000ed0 0x8000edc 0x8000ee8
226	1106	
227	1106	
228	1106	
229	1106	
230	1106	
231	1106	
232	1106	
233	1111	0x800275e 0x800281e 0x8002824 0x800282e 0x800283a
234	1111	
235	1113	0x8007378 0x80074de
236	1113	
237	1113	
238	1113	
239	1113	
240	1113	
241	1113	
242	1113	
243	1113	
244	1113	
245	1113	
246	1113	
247	1113	
248	1113	
249	1113	
250	1113	
251	1113	
252	1113	
253	1113	
254	1113	
255	1113	
256	1113	
257	1113	
258	1113	
259	1113	
260	1113	
261	1113	
262	1113	
263	1113	
264	1113	
265	1113	
266	1113	
267	1113	
268	1113	
269	1113	
270	1113	
271	1113	
272	1113	
273	1114	0x8000e84
274	1114	
275	1114	
276	1114	
277	1114	
278	1115	0x8000cc0
279	1115	
280	1115	
281	1115	
282	1115	
283	1115	
284	1115	
285	1115	
286	1115	
287	1115	
288	1115	
289	1115	
290	1115	
291	1115	
292	1115	
293	1115	
294	1115	
295	1115	
296	1115	
297	1115	
298	1115	
299	1115	
300	1115	
301	1122	0x800067c 0x8000684 0x8000810 0x800084c 0x8000854 0x80009f0 0x8000b9e
302	1122	
303	1122	
304	1126	0x800059c 0x80005cc 0x8000e3c 0x8000e4c
305	1134	0x8003dac 0x8003db2 0x8003dbc 0x8003dc2 0x8003dc8 0x8003dd4 0x8003dda 0x8003de0
306	1134	
307	1134	
308	1134	
309	1134	
310	1134	
311	1134	
312	1134	
313	1134	
314	1134	
315	1134	
316	1134	
317	1134	
318	1141	0x8000e00 0x8000e0c 0x8000e18 0x8000e2c 0x8000e34 0x80091d8 0x80091e0
319	1141	
320	1141	
321	1141	
322	1141	
323	1141	
324	1141	
325	1141	
326	1141	
327	1141	
328	1141	
329	1141	
330	1141	
331	1141	
332	1143	0x8003a74 0x8004d1a
333	1143	
334	1143	
335	1143	
336	1143	
337	1143	
338	1143	
339	1143	
340	1143	
341	1143	
342	1143	
343	1143	
345	1143	
346	1143	
348	1143	
349	1143	
350	1143	
351	1143	
352	1143	
353	1143	
354	1143	
355	1143	
356	1143	
357	1143	
358	1143	
359	1143	
360	1143	
361	1143	
362	1143	
363	1143	
364	1143	
365	1143	
366	1143	
367	1143	
368	1143	
369	1144	0x8000b96
370	1144	
371	1144	
372	1144	
373	1145	0x8000ce0
374	1145	
375	1145	
376	1145	
377	1145	
378	1145	
380	1145	
381	1145	
383	1145	
385	1145	
386	1155	0x8001c1c 0x8001c78 0x8001c9a 0x8001cac 0x8001ce0 0x8001dfe 0x8001e08 0x8001e0e 0x8001e46 0x80028ac
388	1155	
389	1155	
390	1155	
391	1155	
392	1155	
393	1155	
394	1155	
395	1155	
396	1155	
397	1155	
398	1155	
399	1155	
400	1155	
401	1155	
402	1155	
403	1155	
404	1155	
405	1155	
406	1155	
407	1155	
408	1155	
409	1155	
410	1155	
411	1157	0x8000f40 0x8000f68
412	1157	
413	1157	
414	1157	
415	1157	
416	1157	
417	1157	
418	1157	
419	1157	
420	1157	
421	1157	
422	1157	
423	1157	
424	1157	
425	1157	
426	1157	
427	1157	
428	1157	
429	1157	
430	1157	
431	1157	
432	1157	
433	1157	
434	1157	
435	1157	
436	1157	
437	1157	
438	1157	
439	1157	
440	1157	
441	1157	
442	1157	
443	1157	
444	1157	
445	1157	
446	1157	
447	1157	
448	1157	
449	1157	
450	1157	
451	1157	
452	1157	
453	1157	
454	1157	
455	1157	
456	1157	
457	1157	
458	1157	
459	1157	
460	1157	
461	1157	
462	1157	
463	1157	
464	1157	
465	1157	
466	1157	
467	1157	
468	1157	
469	1157	
470	1157	
471	1157	
472	1157	
473	1157	
474	1157	
475	1157	
476	1157	
477	1157	
478	1157	
479	1157	
480	1157	
481	1157	
482	1157	
483	1157	
484	1157	
485	1157	
486	1157	
487	1157	
488	1157	
489	1157	
490	1157	
491	1157	
492	1157	
493	1157	
494	1157	
495	1157	
496	1157	
497	1157	
498	1157	
499	1157	
500	1157	
501	1157	
502	1157	
503	1157	
505	1157	
506	1157	
507	1157	
508	1157	
510	1157	
511	1157	
512	1158	0x80009e0
513	1158	
514	1158	
515	1158	
516	1158	
517	1158	
518	1158	
519	1158	
520	1158	
521	1159	0x8003d72
522	1159	
523	1159	
524	1159	
525	1159	
526	1159	
527	1159	
528	1159	
529	1159	
530	1159	
531	1160	0x8000d00
532	1160	
533	1160	
534	1160	
535	1160	
536	1160	
537	1160	
538	1160	
539	1160	
540	1160	
541	1160	
542	1160	
543	1160	
544	1160	
545	1160	
546	1160	
547	1160	
548	1160	
549	1160	
550	1160	
551	1160	
552	1160	
553	1160	
554	1164	0x800189a 0x800189e 0x80018ac 0x80018b0
555	1164	
556	1164	
557	1164	
558	1164	
559	1164	
560	1164	
561	1164	
562	1164	
563	1164	
564	1164	
565	1164	
566	1164	
567	1185	0x8001e1c 0x8001e26 0x8001e2e 0x8001e3c 0x8001e56 0x8001e5a 0x800256a 0x800256e 0x8002662 0x80026b0 0x8003b26 0x8003b64 0x8003b6c 0x8003d7e 0x8003d94 0x8004108 0x8004118 0x8004130 0x8004136 0x800413e 0x8004146
568	1185	
569	1185	
570	1185	
571	1185	
572	1185	
573	1185	
574	1185	
575	1185	
576	1185	
577	1185	
578	1185	
579	1185	
580	1185	
581	1185	
582	1185	
583	1185	
584	1185	
585	1185	
586	1185	
587	1185	
588	1185	
589	1185	
590	1185	
591	1185	
592	1185	
593	1185	
594	1185	
595	1185	
596	1185	
597	1185	
598	1185	
599	1185	
600	1185	
601	1185	
602	1185	
603	1185	
604	1185	
605	1185	
606	1185	
607	1185	
608	1185	
609	1185	
610	1185	
611	1185	
612	1185	
613	1185	
614	1185	
615	1188	0x8000e96 0x8000ea2 0x8000eae
616	1189	0x8000d10
617	1190	0x80009d8
618	1190	
619	1190	
620	1190	
621	1190	
622	1190	
623	1190	
624	1190	
625	1190	
626	1190	
627	1190	
628	1190	
629	1190	
630	1190	
631	1190	
632	1190	
633	1190	
634	1190	
635	1190	
636	1190	
637	1190	
638	1190	
639	1190	
640	1192	0x8003c9c 0x8003ca0
641	1192	
642	1192	
643	1192	
644	1192	
645	1192	
646	1192	
647	1192	
648	1192	
649	1192	
650	1192	
651	1192	
652	1192	
653	1192	
654	1192	
655	1192	
656	1192	
657	1192	
658	1192	
659	1192	
660	1192	
661	1192	
662	1192	
663	1192	
664	1192	
665	1192	
666	1192	
667	1192	
668	1192	
669	1192	
670	1192	
671	1192	
672	1192	
673	1192	
674	1192	
675	1192	
676	1192	
677	1194	0x8000e8a 0x8000e92
678	1194	
679	1194	
680	1194	
681	1194	
682	1194	
683	1194	
684	1194	
685	1194	
686	1194	
687	1194	
688	1194	
689	1194	
690	1194	
691	1194	
692	1194	
693	1194	
694	1194	
695	1194	
696	1194	
697	1194	
698	1194	
699	1194	
700	1194	
701	1194	
702	1194	
703	1194	
704	1194	
705	1194	
706	1194	
707	1194	
708	1194	
709	1194	
710	1194	
711	1194	
712	1194	
713	1194	
714	1194	
715	1194	
716	1194	
718	1194	
719	1194	
720	1194	
722	1194	
723	1194	
724	1194	
725	1194	
726	1194	
727	1194	
728	1194	
729	1194	
730	1194	
731	1194	
732	1194	
733	1194	
734	1194	
735	1194	
736	1194	
737	1194	
738	1194	
739	1194	
740	1194	
741	1194	
742	1194	
743	1194	
744	1194	
745	1194	
746	1194	
747	1194	
748	1194	
749	1194	
750	1194	
751	1194	
752	1194	
753	1194	
754	1194	
755	1194	
756	1194	
757	1194	
758	1194	
759	1194	
760	1194	
761	1194	
762	1194	
763	1194	
764	1194	
765	1194	
766	1194	
767	1194	
768	1194	
769	1194	
770	1194	
771	1194	
772	1194	
773	1194	
774	1194	
775	1194	
776	1194	
777	1194	
778	1194	
779	1194	
780	1194	
781	1194	
782	1194	
783	1194	
784	1194	
785	1194	
787	1194	
788	1194	
790	1194	
791	1194	
793	1194	
794	1194	
795	1194	
796	1194	
797	1194	
798	1194	
799	1194	
800	1194	
801	1194	
802	1194	
803	1194	
804	1194	
805	1200	0x8003cfc 0x8003d10 0x8003d1c 0x8003d28 0x80041ac 0x80041b2
806	1200	
807	1200	
808	1200	
809	1200	
810	1200	
811	1200	
812	1200	
813	1200	
814	1200	
815	1200	
816	1200	
817	1200	
818	1200	
819	1200	
820	1200	
821	1200	
822	1200	
823	1200	
824	1200	
825	1200	
826	1200	
827	1200	
828	1200	
829	1200	
830	1200	
831	1205	0x80027e4 0x80027ea 0x80027f4 0x8002800 0x8008652
832	1205	
833	1205	
834	1205	
836	1205	
837	1205	
839	1205	
844	1205	
845	1205	
846	1205	
847	1205	
848	1205	
849	1205	
850	1205	
851	1205	
853	1205	
854	1205	
855	1205	
856	1205	
857	1205	
858	1205	
859	1205	
861	1205	
864	1205	
866	1205	
868	1205	
870	1205	
871	1205	
872	1205	
873	1205	
874	1205	
875	1205	
876	1205	
877	1205	
878	1205	
879	1205	
880	1205	
881	1205	
882	1205	
883	1205	
884	1205	
885	1205	
886	1207	0x8003ca2 0x8003cb8
887	1207	
888	1207	
889	1207	
890	1207	
891	1207	
892	1207	
893	1207	
894	1207	
895	1207	
896	1207	
897	1207	
899	1207	
900	1207	
901	1207	
903	1207	
904	1207	
906	1207	
908	1207	
909	1207	
911	1207	
912	1207	
913	1207	
914	1207	
915	1207	
916	1207	
917	1207	
918	1207	
919	1207	
920	1207	
921	1207	
922	1207	
923	1207	
925	1207	
926	1207	
927	1207	
928	1207	
929	1207	
930	1207	
931	1207	
933	1207	
934	1207	
935	1207	
937	1207	
939	1207	
942	1207	
943	1207	
944	1207	
945	1207	
946	1207	
947	1207	
949	1207	
950	1207	
952	1207	
954	1207	
957	1207	
962	1207	
963	1207	
964	1207	
965	1207	
966	1207	
967	1207	
969	1207	
971	1207	
973	1207	
975	1207	
977	1207	
979	1207	
980	1207	
981	1208	0x80018b2
983	1208	
984	1208	
985	1208	
986	1208	
987	1208	
988	1208	
990	1208	
993	1208	
995	1208	
996	1208	
998	1208	
1000	1208	
1003	1208	
1005	1208	
1006	1208	
1008	1208	
1011	1208	
1014	1208	
1019	1208	
1024	1208	
1026	1208	
1027	1208	
1029	1208	
1031	1208	
1034	1208	
1036	1208	
1039	1208	
1040	1208	
1041	1208	
1042	1208	
1043	1208	
1044	1208	
1045	1208	
1046	1208	
1047	1208	
1048	1208	
1049	1208	
1050	1208	
1051	1208	
1052	1208	
1054	1208	
1055	1208	
1056	1208	
1057	1208	
1058	1208	
1059	1208	
1060	1208	
1061	1208	
1062	1208	
1063	1208	
1064	1208	
1065	1208	
1066	1208	
1067	1208	
1069	1208	
1070	1208	
1072	1208	
1073	1208	
1075	1208	
1077	1208	
1078	1208	
1079	1254	0x8003cbc 0x8003cc0 0x80044a8 0x80044b4 0x80044c0 0x80044ce 0x80044d4 0x80044da 0x8004500 0x8004506 0x8004508 0x800450e 0x8004510 0x8004516 0x8004518 0x800451e 0x8004520 0x8004526 0x8004528 0x800452e 0x8004530 0x8004536 0x8004538 0x800453e 0x8004540 0x8004546 0x8004588 0x800459c 0x80045a2 0x80045a8 0x80045aa 0x80045b0 0x80045b6 0x80045bc 0x80045c2 0x80045ca 0x80045d0 0x80045d6 0x8004616 0x8004628 0x800462e 0x8004634 0x8004636 0x800463c 0x8004642 0x8004648
1081	1254	
1082	1254	
1083	1254	
1085	1254	
1086	1254	
1088	1254	
1089	1254	
1091	1254	
1093	1256	0x8003d2a 0x8003d40
1096	1256	
1097	1256	
1098	1256	
1100	1256	
1101	1256	
1106	1256	
1111	1256	
1114	1256	
1117	1256	
1119	1256	
1120	1256	
1122	1256	
1124	1256	
1127	1256	
1128	1256	
1129	1256	
1131	1256	
1132	1256	
1133	1256	
1134	1256	
1135	1256	
1136	1256	
1137	1256	
1138	1256	
1139	1256	
1141	1256	
1142	1256	
1143	1256	
1144	1256	
1145	1256	
1146	1256	
1147	1256	
1152	1256	
1153	1256	
1154	1256	
1156	1256	
1157	1256	
1158	1256	
1160	1256	
1161	1256	
1163	1256	
1168	1256	
1169	1256	
1170	1256	
1172	1256	
1173	1256	
1178	1256	
1183	1256	
1187	1256	
1190	1256	
1194	1256	
1199	1256	
1200	1256	
1201	1256	
1202	1256	
1203	1256	
1204	1256	
1205	1256	
1206	1256	
1207	1256	
1208	1256	
1209	1256	
1214	1256	
1406	1519	0x8000cd0 0x8000e12 0x8000e5c 0x8000e64 0x8000e70 0x8000e7c 0x8000ef2 0x8000efa 0x80013ba 0x80013e0 0x80013fe 0x800140c 0x8001414 0x8001428 0x8001430 0x8001438 0x800146c 0x8001476 0x80014c2 0x80014e0 0x80014ea 0x80014f2 0x80014fc 0x800152a 0x800153a 0x800154e 0x8001876 0x8001884 0x8001f20 0x8001f36 0x8001f3a 0x8001f42 0x8001f46 0x8001f4c 0x8001f5c 0x8001f64 0x8001f72 0x8001f76 0x8001f7e 0x800277e 0x800278a 0x8002848 0x8002850 0x800292e 0x8002942 0x8002954 0x8002968 0x8002974 0x800297e 0x800298c 0x8002996 0x8002a10 0x8002a24 0x8002a32 0x8002a3c 0x8002a46 0x8002a4e 0x8002a5a 0x8002a66 0x8002a70 0x8002b1e 0x8002b2c 0x8002b46 0x8002b4e 0x8002b70 0x8002b7c 0x8002b90 0x8002c2e 0x8002c3c 0x8002c56 0x8002c74 0x8002c7c 0x8002c80 0x8002c8c 0x8002c98 0x8002cac 0x8002cc2 0x8002ccc 0x8002cd4 0x8002ce0 0x8002cec 0x8002cfc 0x8002d06 0x8002d0e 0x8002d1a 0x8002d26 0x8002d3c 0x8002d46 0x8002d52 0x8002d60 0x8002d6c 0x8002d74 0x8002d80 0x8002d88 0x8002d94 0x8002da0 0x8002dae 0x8002dba 0x8002dc6 0x8002dd2 0x8002dda 0x8002de6 0x8002df2 0x8002e7e 0x8002e9c 0x8002eae 0x8002f0e 0x8002f16 0x8002f1a 0x8002f26 0x8002f36 0x8002f48 0x8002f54 0x8002f70 0x8002f78 0x8002f7c 0x8002f80 0x8003020 0x8003040 0x8003056 0x8003098 0x80030c2 0x80030ca 0x80030d6 0x80030e6 0x80030ee 0x80030fa 0x800310a 0x8003112 0x800311e 0x8003140 0x8003158 0x8003170 0x80031d4 0x80031e2 0x80031f0 0x8003202 0x8003210 0x8003222 0x8003230 0x8003240 0x8003250 0x800325a 0x800326a 0x8003274 0x800327c 0x8003288 0x8003294 0x80032a8 0x80032b4 0x80032bc 0x80032e2 0x80032ee 0x8003300 0x800330a 0x8003312 0x800331e 0x800332a 0x800333a 0x8003344 0x8003354 0x800335e 0x8003366 0x8003372 0x800337e 0x800338e 0x800339c 0x80033aa 0x8003596 0x80035b2 0x80035bc 0x80035c2 0x80035c8 0x80035d8 0x80035de 0x800361c 0x800364e 0x800366a 0x800366e 0x80036b0 0x80036d0 0x80036da 0x80036e8 0x80036f2 0x8003724 0x8003d04 0x8003d08 0x8003d0e 0x8004078 0x800407e 0x80041b4 0x80041ba 0x8004944 0x800494a 0x80052dc 0x8005308 0x8005324 0x8005336 0x8005338 0x8005378 0x8005380 0x8005394 0x80053f6 0x8005400 0x800542c 0x8005464 0x80054cc 0x800552a 0x8005544 0x800554c 0x8005550 0x8005558 0x8005566 0x800556a 0x800557c 0x8005596 0x80055b4 0x80055c2 0x80055c6 0x80055cc 0x80055f4 0x80055fe 0x8005748 0x800575e 0x8005774 0x8005810 0x8005830 0x8005854 0x8005868 0x8005878 0x8005892 0x8007b08 0x8007b20 0x8007b30 0x8007bd8 0x8007bf6 0x8008466 0x8008472 0x800847e 0x8008510 0x800851a 0x8008b78 0x8008bb4 0x8008d9e 0x8008e68 0x8009310 0x8009378 0x8009382 0x800938a 0x800938e 0x8009392 0x80093ac 0x8009470 0x800948a 0x800948e 0x800949e 0x80094a8 0x80094b0 0x80094b2 0x80094b6 0x800960e 0x8009766 0x8009782
1407	1519	
1408	1519	
1409	1519	
1410	1519	
1411	1519	
1412	1519	
1413	1519	
1414	1519	
1415	1519	
1416	1519	
1417	1519	
1418	1519	
1419	1519	
1420	1519	
1421	1519	
1422	1519	
1423	1519	
1424	1519	
1425	1519	
1426	1519	
1427	1519	
1428	1519	
1429	1519	
1430	1519	
1431	1519	
1432	1519	
1433	1519	
1434	1519	
1435	1519	
1436	1519	
1437	1519	
1438	1519	
1439	1519	
1440	1519	
1441	1519	
1442	1519	
1443	1519	
1444	1519	
1445	1519	
1446	1519	
1447	1519	
1449	1519	
1452	1519	
1453	1519	
1454	1519	
1455	1519	
1456	1519	
1457	1519	
1458	1519	
1459	1519	
1460	1519	
1461	1519	
1462	1519	
1463	1519	
1464	1519	
1465	1519	
1466	1519	
1467	1519	
1468	1519	
1469	1519	
1470	1543	0x8000f0c 0x8000f14 0x80029a0 0x80029b8 0x80029c2 0x80029ce 0x80029d8 0x80029e4 0x80029ee 0x80029fc 0x8002a06 0x8002e0a 0x8002e14 0x8002e20 0x8002e28 0x8002e34 0x8002e40 0x8002e48 0x8002e54 0x8002e60 0x8003614 0x800546e 0x800548a 0x80054c2
1471	1543	
1472	1543	
1473	1543	
1490	1547	0x800494c 0x8004952 0x8007b28 0x8007b38
1507	1547	
1525	1547	
1542	1547	
1560	1547	
1577	1548	0x8008cfc
1578	1548	
1579	1548	
1580	1548	
1581	1550	0x800493c 0x8004942
1582	1550	
1583	1550	
1584	1553	0x8003d18 0x80040a0 0x80040a6
1585	1553	
1586	1553	
1587	1553	
1588	1553	
1589	1553	
1590	1553	
1591	1553	
1592	1553	
1593	1553	
1594	1553	
1595	1553	
1596	1553	
1597	1553	
1598	1553	
1599	1553	
1600	1553	
1601	1553	
1602	1553	
1603	1553	
1604	1553	
1605	1553	
1606	1553	
1607	1553	
1608	1553	
1609	1553	
1610	1553	
1611	1553	
1612	1553	
1613	1553	
1614	1553	
1615	1553	
1616	1553	
1617	1553	
1618	1553	
1619	1553	
1620	1553	
1621	1553	
1622	1553	
1623	1553	
1624	1553	
1625	1553	
1626	1553	
1627	1553	
1628	1553	
1629	1553	
1630	1553	
1631	1553	
1632	1553	
1633	1553	
1634	1553	
1635	1553	
1636	1553	
1637	1553	
1638	1553	
1639	1553	
1640	1553	
1641	1553	
1642	1553	
1643	1553	
1644	1553	
1645	1553	
1646	1553	
1647	1553	
1648	1553	
1649	1553	
1650	1553	
1651	1553	
1652	1553	
1653	1553	
1654	1553	
1655	1553	
1656	1553	
1657	1553	
1658	1553	
1659	1553	
1660	1553	
1661	1553	
1662	1553	
1663	1553	
1664	1553	
1665	1553	
1666	1553	
1667	1553	
1668	1553	
1669	1553	
1670	1553	
1671	1553	
1672	1553	
1673	1553	
1674	1553	
1675	1553	
1676	1553	
1677	1553	
1678	1553	
1679	1553	
1680	1553	
1681	1553	
1682	1553	
1683	1553	
1684	1553	
1685	1553	
1686	1553	
1687	1553	
1688	1553	
1689	1553	
1690	1553	
1691	1553	
1692	1553	
1693	1553	
1694	1553	
1695	1553	
1696	1553	
1697	1553	
1698	1553	
1699	1553	
1700	1553	
1701	1553	
1702	1553	
1703	1553	
1704	1553	
1705	1553	
1706	1553	
1707	1553	
1708	1553	
1709	1553	
1710	1553	
1711	1553	
1712	1562	0x800539a 0x8005600 0x800560e 0x8005642 0x8005646 0x800564c 0x800566a 0x800568c 0x8005696
1713	1562	
1714	1562	
1715	1562	
1716	1562	
1717	1562	
1718	1562	
1719	1562	
1720	1562	
1721	1562	
1722	1562	
1723	1562	
1724	1562	
1725	1562	
1726	1562	
1727	1562	
1728	1562	
1729	1562	
1730	1562	
1731	1562	
1732	1562	
1733	1562	
1734	1562	
1735	1562	
1736	1562	
1737	1562	
1738	1562	
1739	1562	
1740	1562	
1741	1562	
1742	1562	
1743	1562	
1744	1562	
1745	1562	
1746	1562	
1747	1562	
1748	1562	
1749	1562	
1750	1562	
1751	1562	
1752	1562	
1753	1562	
1754	1562	
1755	1562	
1756	1562	
1757	1562	
1758	1562	
1759	1562	
1760	1562	
1761	1562	
1762	1562	
1763	1562	
1764	1562	
1765	1562	
1766	1562	
1767	1562	
1768	1562	
1769	1562	
1770	1562	
1771	1562	
1772	1562	
1773	1562	
1774	1562	
1775	1562	
1776	1562	
1777	1562	
1778	1562	
1779	1562	
1780	1562	
1781	1562	
1782	1562	
1783	1562	
1784	1562	
1785	1562	
1786	1562	
1787	1562	
1788	1562	
1789	1562	
1790	1562	
1791	1562	
1792	1562	
1793	1562	
1794	1562	
1795	1562	
1796	1562	
1797	1562	
1798	1562	
1799	1562	
1800	1562	
1801	1562	
1802	1562	
1803	1562	
1804	1562	
1805	1562	
1806	1562	
1807	1562	
1808	1562	
1809	1562	
1810	1562	
1811	1562	
1812	1562	
1813	1562	
1814	1562	
1815	1562	
1816	1562	
1817	1562	
1818	1562	
1819	1562	
1820	1562	
1821	1562	
1822	1562	
1823	1562	
1824	1562	
1825	1563	0x8000ce8
1826	1563	
1827	1563	
1828	1563	
1829	1563	
1830	1563	
1831	1563	
1832	1563	
1833	1563	
1834	1563	
1835	1563	
1836	1563	
1837	1563	
1838	1563	
1839	1563	
1840	1563	
1841	1563	
1842	1563	
1843	1563	
1844	1563	
1845	1563	
1846	1563	
1847	1563	
1848	1563	
1849	1563	
1850	1563	
1851	1563	
1852	1563	
1853	1563	
1854	1563	
1855	1563	
1856	1563	
1857	1563	
1858	1564	0x8003d8c
1859	1564	
1860	1564	
1861	1564	
1862	1564	
1863	1564	
1864	1564	
1865	1564	
1866	1564	
1867	1564	
1868	1564	
1869	1564	
1870	1564	
1871	1564	
1872	1564	
1873	1564	
1874	1564	
1875	1564	
1876	1564	
1877	1564	
1878	1564	
1879	1564	
1880	1564	
1881	1564	
1882	1564	
1883	1564	
1884	1564	
1885	1564	
1886	1564	
1887	1564	
1888	1564	
1889	1564	
1890	1564	
1891	1564	
1892	1564	
1893	1564	
1894	1564	
1895	1564	
1896	1564	
1897	1564	
1898	1564	
1899	1564	
1900	1564	
1901	1564	
1902	1564	
1903	1564	
1904	1564	
1905	1564	
1906	1564	
1907	1564	
1908	1564	
1909	1564	
1910	1564	
1911	1564	
1912	1564	
1913	1564	
1914	1564	
1915	1564	
1916	1564	
1917	1564	
1918	1564	
1919	1564	
1920	1564	
1921	1564	
1922	1564	
1923	1564	
1924	1564	
1926	1564	
1927	1564	
1928	1564	
1929	1564	
1930	1564	
1931	1564	
1932	1564	
1933	1564	
1934	1564	
1935	1564	
1936	1564	
1937	1564	
1938	1564	
1939	1564	
1940	1564	
1941	1564	
1942	1564	
1943	1564	
1944	1564	
1945	1564	
1946	1564	
1947	1564	
1948	1564	
1949	1564	
1950	1564	
1951	1564	
1952	1564	
1953	1564	
1954	1564	
1955	1564	
1956	1564	
1957	1564	
1958	1564	
1959	1564	
1960	1564	
1961	1564	
1962	1564	
1963	1564	
1964	1564	
1965	1564	
1966	1564	
1967	1564	
1968	1564	
1969	1564	
1970	1564	
1971	1564	
1972	1564	
1973	1564	
1974	1564	
1975	1564	
1976	1564	
1977	1564	
1978	1564	
1979	1564	
1980	1564	
1981	1564	
1982	1564	
1983	1564	
1984	1564	
1985	1564	
1986	1564	
1987	1564	
1988	1564	
1989	1564	
1990	1564	
1991	1564	
1992	1564	
1993	1564	
1994	1564	
1995	1564	
1996	1564	
1997	1564	
1998	1564	
1999	1564	
2000	1564	
2001	1564	
2002	1564	
2003	1564	
2004	1564	
2005	1564	
2006	1564	
2007	1564	
2008	1564	
2009	1564	
2010	1564	
2011	1564	
2012	1564	
2013	1564	
2014	1564	
2015	1564	
2016	1564	
2017	1564	
2018	1564	
2019	1564	
2020	1564	
2021	1564	
2022	1564	
2023	1564	
2024	1564	
2025	1564	
2026	1564	
2027	1564	
2028	1564	
2029	1564	
2030	1564	
2031	1564	
2032	1564	
2033	1564	
2034	1564	
2035	1564	
2036	1564	
2037	1564	
2038	1564	
2039	1564	
2040	1564	
2041	1564	
2042	1564	
2043	1564	
2044	1564	
2045	1564	
2046	1564	
2047	1564	
2048	1564	
2049	1564	
2050	1564	
2051	1564	
2052	1564	
2053	1564	
2054	1564	
2055	1564	
2056	1564	
2057	1564	
2058	1564	
2059	1564	
2060	1564	
2061	1564	
2062	1564	
2063	1564	
2064	1564	
2065	1564	
2066	1564	
2067	1564	
2068	1564	
2069	1564	
2070	1564	
2071	1564	
2072	1564	
2073	1564	
2074	1564	
2075	1564	
2076	1564	
2078	1564	
2079	1564	
2080	1564	
2082	1564	
2083	1564	
2084	1564	
2085	1564	
2086	1564	
2087	1564	
2088	1564	
2089	1564	
2091	1564	
2092	1564	
2093	1564	
2094	1564	
2095	1564	
2096	1564	
2097	1564	
2099	1564	
2100	1564	
2102	1564	
2103	1564	
2104	1564	
2105	1564	
2106	1564	
2107	1564	
2108	1564	
2109	1564	
2110	1564	
2111	1564	
2112	1564	
2113	1564	
2114	1564	
2115	1564	
2116	1564	
2117	1564	
2118	1564	
2119	1564	
2120	1564	
2121	1564	
2122	1564	
2123	1564	
2124	1564	
2125	1564	
2126	1564	
2127	1564	
2128	1564	
2129	1564	
2130	1564	
2131	1564	
2132	1564	
2133	1564	
2135	1564	
2136	1564	
2138	1564	
2139	1564	
2140	1564	
2141	1564	
2142	1564	
2143	1564	
2144	1564	
2145	1564	
2146	1591	0x8001f6a 0x8002a82 0x8002b20 0x8002ba2 0x8002bac 0x8002bbc 0x8002c30 0x8002ec2 0x8002ecc 0x8002ed6 0x8002ee6 0x8002efa 0x8002f06 0x8003132 0x80033c6 0x80033d4 0x80033dc 0x80033ee 0x8003400 0x800340a 0x800341c 0x8003426 0x8003430 0x800343a 0x8009198 0x8009200 0x8009208
2147	1591	
2148	1591	
2149	1591	
2150	1591	
2151	1591	
2152	1591	
2153	1591	
2154	1591	
2155	1591	
2156	1591	
2158	1591	
2159	1591	
2160	1591	
2161	1591	
2162	1591	
2163	1591	
2164	1591	
2165	1591	
2166	1591	
2167	1591	
2168	1591	
2169	1591	
2170	1591	
2171	1591	
2173	1591	
2174	1591	
2175	1591	
2176	1591	
2177	1591	
2178	1591	
2179	1591	
2181	1591	
2182	1591	
2183	1591	
2185	1591	
2186	1591	
2187	1591	
2188	1591	
2189	1591	
2190	1591	
2191	1591	
2192	1591	
2193	1591	
2194	1591	
2195	1591	
2197	1591	
2200	1591	
2201	1591	
2202	1591	
2204	1591	
2205	1591	
2206	1591	
2207	1591	
2208	1591	
2209	1591	
2210	1591	
2211	1591	
2212	1591	
2213	1591	
2214	1591	
2215	1591	
2216	1591	
2217	1591	
2218	1591	
2220	1591	
2221	1591	
2222	1591	
2223	1591	
2225	1591	
2226	1591	
2227	1591	
2228	1591	
2229	1591	
2230	1591	
2231	1591	
2232	1591	
2233	1591	
2235	1591	
2236	1591	
2242	1591	
2243	1591	
2244	1591	
2246	1591	
2247	1591	
2248	1591	
2249	1591	
2250	1591	
2251	1591	
2252	1591	
2254	1591	
2257	1591	
2272	1591	
2286	1591	
2301	1591	
2316	1591	
2330	1591	
2345	1591	
2346	1591	
2347	1591	
2348	1591	
2349	1591	
2350	1591	
2351	1591	
2352	1591	
2353	1591	
2354	1591	
2355	1591	
2356	1591	
2357	1591	
2358	1591	
2359	1591	
2360	1591	
2361	1591	
2362	1591	
2363	1591	
2364	1591	
2365	1591	
2366	1591	
2367	1591	
2368	1591	
2369	1591	
2370	1591	
2371	1591	
2372	1591	
2373	1591	
2374	1591	
2375	1591	
2376	1591	
2377	1591	
2378	1591	
2379	1591	
2380	1591	
2381	1591	
2382	1591	
2383	1591	
2384	1591	
2385	1591	
2386	1591	
2387	1591	
2388	1591	
2389	1591	
2390	1591	
2391	1591	
2392	1591	
2393	1591	
2394	1591	
2395	1591	
2396	1591	
2398	1591	
2399	1591	
2401	1591	
2403	1591	
2404	1591	
2406	1591	
2412	1591	
2413	1591	
2414	1591	
2416	1591	
2417	1591	
2419	1591	
2420	1591	
2422	1591	
2424	1591	
2427	1591	
2428	1591	
2429	1591	
2430	1591	
2431	1591	
2432	1591	
2433	1591	
2434	1591	
2435	1591	
2436	1591	
2437	1591	
2438	1591	
2440	1591	
2443	1591	
2445	1591	
2446	1591	
2448	1591	
2449	1591	
2450	1591	
2452	1591	
2453	1591	
2455	1591	
2456	1591	
2458	1591	
2464	1591	
2469	1591	
2470	1591	
2471	1591	
2473	1591	
2474	1591	
2475	1591	
2476	1591	
2478	1591	
2479	1591	
2481	1591	
2484	1591	
2486	1591	
2487	1591	
2489	1591	
2491	1591	
2494	1591	
2496	1591	
2498	1591	
2500	1591	
2502	1591	
2505	1591	
2506	1591	
2507	1591	
2509	1591	
2510	1591	
2512	1591	
2513	1591	
2515	1591	
2517	1591	
2518	1591	
2520	1591	
2522	1591	
2523	1591	
2525	1591	
2526	1591	
2527	1591	
2528	1591	
2529	1591	
2530	1591	
2532	1591	
2533	1591	
2535	1591	
2540	1591	
2542	1591	
2543	1591	
2544	1591	
2546	1627	0x8002576 0x8002580 0x8002584 0x80025a8 0x80025be 0x80025d4 0x80025e2 0x80025f0 0x80025fe 0x800260c 0x800261a 0x8002628 0x8002640 0x8002644 0x8002648 0x800264c 0x8002664 0x8002fd4 0x8002fe8 0x8002ff4 0x800306e 0x8003072 0x800314a 0x8003162 0x8003d86 0x8003d8a 0x8005458 0x80054b6 0x80054e8 0x8005514 0x80055ea 0x800561c 0x800562a 0x8005658 0x8005674 0x80056bc
2548	1627	
2549	1627	
2551	1627	
2553	1627	
2554	1627	
2556	1627	
2558	1627	
2561	1627	
2563	1627	
2566	1627	
2568	1627	
2571	1627	
2572	1627	
2573	1627	
2575	1627	
2576	1627	
2578	1627	
2579	1627	
2581	1627	
2583	1627	
2584	1627	
2586	1627	
2587	1627	
2588	1627	
2590	1627	
2591	1627	
2592	1627	
2594	1627	
2597	1627	
2600	1627	
2602	1627	
2604	1627	
2607	1627	
2689	1627	
2690	1627	
2691	1627	
2693	1627	
2694	1627	
2696	1627	
2698	1627	
2700	1627	
2702	1627	
2703	1627	
2705	1627	
2707	1627	
2708	1627	
2710	1627	
2711	1627	
2712	1627	
2714	1627	
2715	1627	
2720	1627	
2722	1627	
2723	1627	
2725	1627	
2727	1627	
2728	1627	
2729	1627	
2731	1627	
2733	1627	
2734	1627	
2736	1627	
2738	1627	
2741	1627	
2742	1627	
2743	1627	
2745	1627	
2746	1627	
2748	1627	
2751	1627	
2753	1627	
2754	1627	
2756	1627	
2759	1627	
2762	1630	0x8001550 0x8001558 0x800187e
2763	1630	
2764	1630	
2765	1630	
2766	1630	
2767	1630	
2777	1630	
2864	1630	
2865	1630	
2866	1630	
2867	1630	
2868	1630	
2869	1630	
2870	1630	
2871	1630	
2873	1630	
2874	1630	
2876	1630	
2879	1630	
2881	1630	
2884	1630	
2886	1630	
2887	1630	
2889	1630	
2894	1630	
2895	1630	
2896	1630	
2898	1630	
2899	1630	
2901	1630	
2902	1630	
2904	1630	
2907	1630	
2910	1630	
2912	1630	
2915	1630	
2916	1630	
2917	1630	
2918	1630	
2919	1630	
2920	1630	
2921	1630	
2922	1630	
2923	1630	
2924	1630	
2925	1630	
2927	1630	
2928	1630	
2930	1630	
2932	1630	
2933	1630	
2935	1630	
2940	1630	
2942	1630	
2945	1630	
2946	1630	
2947	1630	
2949	1630	
2950	1630	
2951	1630	
2952	1630	
2953	1630	
2954	1630	
2955	1630	
2956	1630	
2957	1630	
2958	1630	
2960	1630	
2961	1630	
2962	1632	0x8004964 0x800496a
2963	1632	
2965	1632	
2966	1632	
2968	1632	
2969	1632	
2971	1632	
2972	1632	
2973	1632	
2974	1632	
2975	1632	
2976	1632	
2978	1632	
2981	1632	
2984	1632	
2987	1633	0x80009e8
2988	1633	
2989	1633	
2991	1633	
2992	1633	
2994	1633	
2997	1633	
2999	1633	
3000	1633	
3002	1633	
3003	1633	
3004	1633	
3006	1633	
3007	1633	
3008	1633	
3009	1633	
3011	1633	
3012	1633	
3014	1633	
3015	1633	
3016	1633	
3018	1633	
3023	1633	
3025	1633	
3026	1633	
3028	1633	
3029	1633	
3030	1633	
3032	1633	
3033	1633	
3038	1633	
3040	1633	
3041	1633	
3043	1633	
3045	1633	
3048	1633	
3050	1633	
3053	1633	
3058	1633	
3080	1633	
3102	1633	
3124	1633	
3146	1633	
3151	1633	
3153	1633	
3156	1633	
3158	1633	
3161	1633	
3166	1633	
3168	1633	
3169	1633	
3171	1633	
3172	1633	
3173	1633	
3175	1633	
3176	1633	
3178	1633	
3180	1633	
3182	1633	
3187	1633	
3218	1633	
3248	1633	
3279	1633	
3284	1633	
3287	1633	
3290	1633	
3295	1633	
3297	1633	
3300	1633	
3301	1633	
3302	1633	
3304	1633	
3305	1633	
3307	1633	
3308	1633	
3310	1633	
3312	1633	
3315	1633	
3317	1633	
3318	1633	
3320	1633	
3323	1633	
3326	1633	
3331	1633	
3333	1633	
3336	1633	
3338	1633	
3339	1633	
3341	1633	
3346	1633	
3348	1633	
3351	1633	
3353	1633	
3354	1633	
3356	1633	
3361	1633	
3367	1641	0x80001f4 0x8000260 0x8000264 0x800026a 0x800026e 0x8000280 0x8000cf0 0x800308e
3410	1641	
3453	1641	
3454	1641	
3455	1641	
3457	1641	
3458	1641	
3460	1641	
3463	1641	
3465	1641	
3468	1641	
3470	1641	
3471	1641	
3473	1641	
3476	1641	
3479	1641	
3481	1641	
3482	1641	
3484	1641	
3489	1641	
3494	1641	
3496	1641	
3499	1641	
3586	1641	
3596	1641	
3598	1641	
3601	1641	
3603	1642	0x800366c
3606	1642	
3693	1642	
3695	1642	
3698	1642	
3701	1642	
3704	1642	
3706	1642	
3707	1642	
3709	1642	
3729	1642	
3778	1642	
3827	1642	
3832	1642	
3837	1642	
3883	1642	
3930	1642	
3932	1642	
3935	1642	
3940	1642	
4023	1642	
4028	1642	
4033	1642	
4035	1642	
4038	1642	
4040	1642	
4041	1642	
4043	1646	0x8001560 0x800156e 0x8001576 0x8001582
4049	1646	
4146	1646	
4233	1646	
4238	1646	
4244	1646	
4290	1646	
4336	1646	
4337	1646	
4338	1646	
4339	1646	
4340	1646	
4341	1646	
4343	1646	
4346	1646	
4348	1646	
4349	1646	
4351	1646	
4356	1646	
4358	1646	
4361	1646	
4364	1646	
4367	1646	
4368	1646	
4369	1646	
4371	1646	
4372	1646	
4373	1646	
4374	1646	
4375	1646	
4376	1646	
4377	1646	
4379	1646	
4380	1646	
4382	1646	
4384	1646	
4385	1646	
4387	1646	
4388	1646	
4389	1646	
4390	1646	
4391	1646	
4392	1646	
4393	1646	
4394	1646	
4395	1646	
4396	1646	
4397	1646	
4398	1646	
4399	1646	
4401	1646	
4402	1646	
4403	1646	
4404	1646	
4406	1646	
4407	1646	
4408	1646	
4409	1646	
4411	1646	
4412	1646	
4414	1646	
4415	1646	
4416	1649	0x8000f26 0x8000f2e 0x8005520
4418	1649	
4420	1649	
4421	1649	
4423	1649	
4424	1649	
4425	1649	
4426	1649	
4427	1649	
4428	1649	
4433	1649	
4434	1649	
4435	1649	
4437	1649	
4438	1649	
4440	1649	
4441	1649	
4443	1649	
4444	1649	
4445	1649	
4447	1649	
4448	1649	
4450	1649	
4452	1649	
4454	1649	
4456	1649	
4457	1649	
4459	1649	
4460	1649	
4461	1649	
4462	1649	
4463	1649	
4464	1649	
4470	1649	
4472	1649	
4473	1649	
4475	1649	
4477	1649	
4478	1649	
4480	1649	
4482	1649	
4483	1649	
4485	1649	
4487	1649	
4488	1649	
4490	1649	
4492	1649	
4493	1649	
4495	1649	
4497	1649	
4498	1649	
4500	1649	
4502	1649	
4503	1649	
4505	1649	
4507	1649	
4510	1649	
4512	1649	
4514	1649	
4516	1649	
4518	1649	
4521	1649	
4523	1649	
4524	1649	
4526	1649	
4528	1649	
4529	1649	
4531	1649	
4537	1649	
4542	1649	
4544	1649	
4545	1649	
4547	1649	
4549	1649	
4552	1649	
4554	1649	
4555	1649	
4557	1649	
4558	1649	
4559	1649	
4561	1649	
4562	1649	
4566	1649	
4569	1649	
4573	1649	
4575	1649	
4576	1649	
4578	1649	
4624	1649	
4671	1649	
4672	1649	
4673	1649	
4675	1649	
4676	1649	
4677	1649	
4678	1649	
4679	1649	
4680	1649	
4681	1649	
4682	1649	
4683	1649	
4684	1649	
4685	1649	
4686	1649	
4687	1649	
4688	1649	
4689	1649	
4690	1649	
4691	1649	
4692	1649	
4693	1649	
4695	1649	
4696	1649	
4697	1649	
4698	1649	
4700	1649	
4701	1649	
4703	1649	
4705	1649	
4707	1649	
4709	1649	
4712	1649	
4714	1649	
4717	1649	
4718	1649	
4719	1649	
4721	1649	
4722	1649	
4723	1649	
4724	1649	
4726	1649	
4727	1649	
4728	1649	
4729	1649	
4731	1649	
4732	1649	
4733	1649	
4734	1649	
4736	1649	
4737	1649	
4738	1649	
4739	1649	
4741	1649	
4742	1649	
4744	1649	
4745	1649	
4747	1649	
4752	1649	
4753	1649	
4754	1649	
4756	1649	
4757	1649	
4759	1649	
4761	1649	
4763	1649	
4765	1649	
4766	1649	
4768	1649	
4769	1649	
4770	1649	
4772	1649	
4773	1649	
4775	1649	
4778	1649	
4780	1649	
4783	1649	
4785	1649	
4786	1651	0x80038d2 0x80038d8
4788	1651	
4790	1651	
4791	1651	
4793	1651	
4795	1651	
4798	1651	
4885	1651	
4890	1651	
4893	1651	
4896	1651	
4898	1651	
4901	1651	
4993	1651	
4998	1651	
5000	1651	
5003	1651	
5008	1651	
5014	1651	
5015	1651	
5016	1651	
5018	1651	
5019	1651	
5024	1651	
5026	1651	
5027	1651	
5029	1651	
5034	1651	
5036	1651	
5039	1651	
5041	1651	
5042	1651	
5044	1651	
5050	1651	
5052	1651	
5055	1651	
5057	1651	
5060	1651	
5062	1651	
5063	1651	
5065	1651	
5070	1651	
5073	1651	
5076	1651	
5078	1651	
5079	1651	
5081	1651	
5083	1651	
5084	1651	
5086	1651	
5091	1651	
5096	1651	
5098	1651	
5101	1651	
5103	1651	
5106	1651	
5108	1651	
5109	1651	
5111	1651	
5114	1651	
5117	1651	
5122	1651	
5124	1651	
5125	1651	
5127	1651	
5137	1651	
5183	1651	
5230	1651	
5231	1651	
5232	1651	
5234	1651	
5235	1651	
5237	1651	
5238	1651	
5240	1651	
5241	1651	
5242	1651	
5244	1651	
5245	1651	
5248	1651	
5251	1651	
5252	1651	
5253	1651	
5254	1651	
5255	1651	
5256	1651	
5257	1651	
5258	1651	
5259	1651	
5260	1651	
5261	1651	
5263	1651	
5264	1668	0x8002bc2 0x8002bdc 0x8002be6 0x8002bec 0x8002c0a 0x8002c18 0x8003442 0x8003452 0x800345e 0x800346a 0x8003474 0x80094bc 0x8009510 0x800951a 0x8009522 0x8009526 0x800955e
5266	1668	
5268	1668	
5271	1668	
5274	1668	
5277	1668	
5364	1668	
5412	1668	
5461	1668	
5463	1668	
5466	1668	
5472	1668	
5564	1668	
5568	1668	
5571	1668	
5575	1668	
5580	1668	
5585	1668	
5590	1668	
5600	1668	
5644	1668	
5688	1668	
5694	1668	
5699	1668	
5796	1668	
5893	1668	
5895	1668	
5896	1668	
5897	1668	
5899	1668	
5901	1668	
5904	1668	
5914	1668	
5919	1668	
5921	1668	
5924	1668	
6021	1668	
6023	1668	
6026	1668	
6031	1668	
6033	1668	
6035	1668	
6037	1668	
6042	1668	
6044	1668	
6047	1668	
6049	1668	
6052	1668	
6054	1668	
6057	1668	
6059	1668	
6062	1668	
6067	1668	
6070	1668	
6073	1668	
6078	1668	
6080	1668	
6081	1668	
6083	1668	
6085	1668	
6088	1668	
6090	1668	
6093	1668	
6095	1668	
6098	1668	
6100	1668	
6103	1668	
6136	1668	
6168	1668	
6201	1668	
6206	1668	
6212	1668	
6214	1668	
6217	1668	
6227	1668	
6232	1668	
6234	1668	
6237	1668	
6324	1668	
6334	1668	
6422	1668	
6427	1668	
6433	1668	
6530	1668	
6574	1668	
6618	1668	
6715	1668	
6721	1668	
6726	1668	
6770	1668	
6813	1668	
6818	1668	
6906	1668	
6917	1668	
7005	1668	
7010	1668	
7015	1668	
7103	1668	
7152	1668	
7201	1668	
7305	1668	
7310	1669	0x8000cf8
7484	1669	
7490	1669	
7495	1669	
7547	1669	
7598	1669	
7599	1669	
7600	1669	
7602	1669	
7603	1669	
7608	1669	
7613	1669	
7618	1669	
7620	1669	
7623	1669	
7628	1669	
7634	1669	
7639	1669	
7641	1669	
7644	1669	
7646	1669	
7647	1669	
7649	1669	
7654	1669	
7659	1669	
7664	1669	
7669	1669	
7675	1669	
7680	1669	
7685	1669	
7778	1669	
7780	1669	
7781	1669	
7783	1669	
7794	1669	
7799	1669	
7828	1669	
7858	1669	
7887	1669	
7892	1669	
7894	1669	
7897	1669	
7902	1669	
7907	1669	
7990	1669	
7992	1669	
7995	1669	
8000	1669	
8002	1669	
8005	1669	
8008	1669	
8011	1669	
8013	1669	
8016	1669	
8018	1669	
8021	1669	
8023	1669	
8024	1669	
8026	1669	
8031	1669	
8033	1669	
8036	1669	
8038	1669	
8040	1669	
8042	1669	
8044	1669	
8047	1669	
8049	1669	
8052	1669	
8054	1669	
8055	1669	
8057	1669	
8063	1669	
8065	1669	
8068	1669	
8073	1669	
8078	1669	
8080	1669	
8083	1669	
8085	1669	
8088	1669	
8094	1669	
8099	1669	
8104	1669	
8106	1669	
8109	1669	
8114	1669	
8201	1669	
8203	1669	
8205	1669	
8207	1669	
8217	1669	
8222	1669	
8318	1669	
8413	1669	
8415	1669	
8418	1669	
8420	1669	
8421	1669	
8423	1669	
8425	1669	
8426	1669	
8428	1669	
8431	1669	
8434	1669	
8439	1669	
8444	1669	
8449	1669	
8451	1669	
8452	1669	
8454	1669	
8459	1669	
8552	1669	
8645	1669	
8693	1669	
8742	1669	
8744	1669	
8747	1669	
8845	1669	
8847	1669	
8850	1669	
8855	1669	
8857	1669	
8860	1669	
8906	1669	
8952	1669	
8963	1669	
9044	1669	
9049	1669	
9054	1669	
9142	1669	
9191	1669	
9240	1669	
9245	1669	
9250	1707	0x800347c 0x8003482 0x8003494 0x80034a6 0x80034b2 0x80034be 0x80034c8 0x80034dc 0x80034e6 0x80034ee 0x80034f8 0x8003506 0x8003512 0x800351e 0x800352a 0x8003534 0x8003544 0x800354e 0x8003556 0x8003560 0x800356e 0x800357a 0x8003586 0x8003592 0x8008274 0x80082ca 0x80082d0 0x80082e8 0x80082f6 0x8008304 0x800830e 0x8008348 0x800835e 0x800839c 0x80083cc 0x80083e2 0x800889e 0x8008cea
9281	1707	
9311	1707	
9342	1707	
9446	1707	
9538	1707	
9540	1707	
9541	1707	
9543	1707	
9548	1707	
9553	1707	
9558	1707	
9607	1707	
9656	1707	
9661	1707	
9707	1707	
9752	1707	
9755	1707	
9758	1707	
9760	1707	
9763	1707	
9855	1707	
9861	1707	
9953	1707	
9955	1707	
9958	1707	
9963	1707	
9965	1707	
9966	1707	
9968	1707	
9974	1707	
10018	1707	
10061	1707	
10066	1707	
10071	1707	
10115	1707	
10158	1707	
10160	1707	
10163	1707	
10165	1707	
10168	1707	
10174	1707	
10179	1707	
10184	1707	
10189	1707	
10194	1707	
10281	1707	
10286	1707	
10381	1707	
10476	1707	
10481	1707	
10574	1707	
10579	1707	
10625	1707	
10670	1707	
10673	1707	
10676	1707	
10681	1707	
10683	1707	
10684	1707	
10686	1707	
10696	1707	
10742	1707	
10789	1707	
10800	1707	
10892	1707	
10897	1707	
10989	1707	
11081	1707	
11083	1707	
11086	1707	
11092	1707	
11184	1707	
11188	1707	
11191	1707	
11195	1707	
11197	1707	
11198	1707	
11200	1707	
11205	1707	
11210	1707	
11212	1707	
11215	1707	
11220	1707	
11307	1707	
11312	1707	
11317	1707	
11415	1707	
11461	1707	
11508	1707	
11611	1707	
11698	1707	
11800	1707	
11883	1707	
11888	1707	
11893	1707	
11939	1707	
11986	1707	
11988	1707	
11991	1707	
11993	1707	
11994	1707	
11996	1707	
12011	1707	
12017	1707	
12022	1707	
12027	1707	
12037	1707	
12123	1707	
12129	1707	
12227	1707	
12504	1707	
12509	1707	
12514	1707	
12597	1707	
12602	1711	0x800020c 0x8000270 0x8000276 0x800027a
12607	1711	
12617	1711	
12798	1711	
12800	1711	
12803	1711	
12809	1711	
12819	1711	
12905	1711	
12915	1711	
12961	1711	
13008	1711	
13099	1711	
13192	1711	
13198	1711	
13203	1711	
13208	1711	
13212	1711	
13217	1711	
13222	1711	
13227	1711	
13232	1711	
13237	1711	
13242	1711	
13246	1711	
13251	1711	
13256	1711	
13261	1711	
13266	1711	
13270	1711	
13275	1711	
13280	1711	
13285	1711	
13286	1711	
13287	1711	
13288	1711	
13289	1711	
13290	1711	
13291	1711	
13383	1711	
13385	1711	
13388	1711	
13393	1711	
13439	1711	
13486	1711	
13583	1711	
13589	1711	
13594	1711	
13599	1711	
13601	1711	
13604	1711	
13609	1711	
13614	1711	
13616	1711	
13619	1711	
13627	1711	
13634	1711	
13639	1711	
13644	1711	
13650	1711	
13655	1711	
13660	1711	
13662	1711	
13665	1711	
13670	1711	
13673	1711	
13676	1711	
13686	1711	
13866	1711	
13959	1711	
13964	1711	
14062	1711	
14155	1711	
14157	1711	
14158	1711	
14160	1711	
14165	1711	
14170	1711	
14173	1711	
14176	1711	
14178	1711	
14179	1711	
14181	1711	
14182	1711	
14183	1711	
14184	1711	
14185	1711	
14186	1711	
14191	1711	
14196	1711	
14207	1711	
14209	1711	
14212	1711	
14214	1711	
14217	1711	
14494	1711	
14518	1711	
14542	1711	
14567	1711	
14591	1711	
14592	1711	
14593	1711	
14595	1711	
14596	1711	
14601	1711	
14606	1711	
14611	1711	
14621	1711	
14807	1711	
14910	1711	
14954	1711	
14997	1711	
14999	1711	
15002	1711	
15054	1711	
15105	1711	
15192	1711	
15203	1711	
15208	1711	
15210	1711	
15213	1711	
15215	1711	
15218	1711	
15223	1711	
15228	1711	
15234	1711	
15236	1711	
15237	1711	
15239	1711	
15250	1711	
15275	1711	
15383	1711	
15394	1711	
15486	1711	
15488	1711	
15491	1711	
15494	1711	
15497	1711	
15589	1711	
15594	1711	
15692	1711	
15774	1711	
15776	1711	
15777	1711	
15779	1713	0x8000808 0x80009f8
15785	1713	
15800	1713	
15821	1713	
15826	1713	
15831	1713	
16017	1713	
16113	1713	
16201	1713	
16208	1713	
16214	1713	
16221	1713	
16227	1713	
16234	1713	
16240	1713	
16247	1713	
16253	1713	
16260	1713	
16266	1713	
16273	1713	
16279	1713	
16286	1713	
16292	1713	
16299	1713	
16387	1713	
16392	1713	
16398	1713	
16403	1713	
16493	1713	
16582	1713	
16584	1713	
16587	1713	
16590	1713	
16593	1713	
16603	1713	
16608	1713	
16618	1713	
16624	1713	
16660	1715	0x8003d44 0x8003ed8
16695	1715	
16731	1715	
16736	1715	
16738	1715	
16741	1715	
16743	1717	0x8003458 0x8003462
16744	1717	
16746	1717	
16748	1717	
16751	1717	
16756	1717	
16843	1717	
16848	1717	
17044	1717	
17223	1717	
17322	1717	
17507	1717	
17517	1717	
17561	1717	
17605	1717	
17696	1717	
17702	1717	
17707	1717	
17712	1717	
17723	1717	
17728	1717	
17730	1717	
17733	1717	
17743	1717	
17749	1717	
17759	1717	
17769	1717	
17774	1717	
17777	1717	
17780	1717	
17801	1717	
17806	1717	
17812	1717	
17817	1717	
17822	1717	
17833	1717	
17843	1717	
17854	1717	
17860	1717	
17865	1717	
17875	1717	
17880	1717	
17886	1717	
17891	1717	
17901	1717	
18004	1717	
18106	1717	
18111	1717	
18199	1717	
18204	1717	
18209	1717	
18211	1725	0x8001584 0x80015a8 0x80015b2 0x80015b8 0x80015d2 0x80015d8 0x80015f2 0x80015f8
18214	1725	
18258	1725	
18302	1725	
18307	1725	
18498	1725	
18779	1725	
18881	1725	
18978	1725	
19066	1726	0x8000ec2
19168	1726	
19269	1726	
19364	1726	
19459	1726	
19652	1726	
19750	1726	
19752	1726	
19753	1726	
19755	1726	
19757	1726	
19758	1726	
19760	1726	
19765	1726	
19767	1726	
19770	1726	
19772	1726	
19773	1726	
19775	1726	
19777	1726	
19780	1726	
19974	1726	
20071	1726	
20179	1726	
20266	1726	
20276	1726	
20322	1726	
20368	1726	
20378	1726	
20380	1726	
20383	1726	
20386	1726	
20388	1726	
20390	1726	
20393	1726	
20403	1726	
20405	1726	
20408	1726	
20500	1726	
20796	1726	
20884	1726	
20976	1726	
21255	1726	
21260	1726	
21265	1726	
21348	1726	
21353	1726	
21355	1726	
21358	1726	
21455	1726	
21504	1726	
21553	1726	
21564	1726	
21745	1726	
21750	1726	
21853	1726	
21858	1726	
21863	1726	
21865	1726	
21868	1726	
21870	1726	
21871	1726	
21873	1726	
21875	1726	
21876	1726	
21878	1726	
21881	1726	
21884	1726	
21889	1726	
21891	1726	
21894	1726	
21982	1726	
21988	1726	
22003	1726	
22024	1726	
22166	1726	
22307	1736	0x8003734 0x800374c 0x8003754 0x8003dca 0x80048b0 0x80048c2 0x80048ca 0x80048d0 0x80048d6 0x80048dc
22399	1736	
22491	1736	
22497	1736	
22502	1736	
22508	1736	
22514	1736	
22520	1736	
22525	1736	
22531	1736	
22537	1736	
22542	1736	
22548	1736	
22554	1736	
22559	1736	
22565	1736	
22571	1736	
22577	1736	
22582	1736	
22588	1736	
22686	1736	
22777	1736	
22868	1736	
22873	1736	
22878	1736	
23058	1736	
23102	1736	
23145	1736	
23156	1736	
23242	1736	
23244	1736	
23247	1737	0x8005698
23250	1737	
23253	1737	
23258	1737	
23263	1737	
23273	1737	
23278	1737	
23283	1737	
23288	1737	
23293	1737	
23295	1737	
23298	1737	
23301	1737	
23304	1737	
23314	1737	
23319	1737	
23410	1737	
23498	1737	
23785	1737	
23876	1737	
23881	1737	
23887	1737	
23898	1737	
23908	1737	
23924	1737	
23945	1737	
23981	1737	
23991	1737	
23999	1737	
24007	1737	
24017	1737	
24033	1737	
24105	1737	
24177	1737	
24249	1737	
24321	1737	
24414	1737	
24692	1737	
24974	1737	
25170	1737	
25349	1737	
25351	1737	
25354	1737	
25453	1737	
25540	1737	
25634	1737	
25639	1737	
25727	1737	
25732	1737	
25734	1737	
25737	1737	
25743	1737	
25830	1737	
25922	1737	
25927	1737	
25932	1737	
25935	1737	
25938	1737	
26024	1737	
26190	1737	
26356	1737	
26521	1737	
26687	1737	
26692	1737	
26694	1737	
26697	1737	
26703	1737	
26708	1737	
26713	1737	
26715	1738	0x8009088
26716	1738	
26718	1738	
26723	1738	
26725	1738	
26726	1738	
26728	1738	
26739	1738	
26749	1738	
26752	1738	
26755	1738	
26760	1738	
26770	1738	
26799	1738	
26829	1738	
26858	1738	
26864	1738	
26957	1738	
26962	1738	
26967	1738	
27060	1738	
27065	1738	
27070	1738	
27378	1738	
27471	1738	
27473	1738	
27476	1738	
27622	1739	0x8005632
27768	1739	
27770	1739	
27773	1739	
27775	1739	
27778	1739	
27783	1739	
27794	1739	
27800	1739	
27805	1739	
27903	1739	
27914	1739	
27919	1739	
28002	1739	
28100	1739	
28102	1739	
28105	1739	
28110	1739	
28208	1739	
28213	1739	
28257	1739	
28300	1739	
28302	1739	
28305	1739	
28307	1739	
28309	1739	
28311	1739	
28313	1739	
28316	1739	
28321	1739	
28331	1739	
28333	1739	
28336	1739	
28384	1739	
28433	1739	
28530	1739	
28719	1739	
28908	1739	
29007	1739	
29017	1739	
29211	1739	
29298	1739	
29396	1739	
29494	1739	
29591	1739	
29596	1739	
29688	1739	
29694	1739	
29705	1739	
29710	1739	
29720	1739	
29736	1739	
29746	1739	
29757	1739	
29772	1739	
29777	1739	
29782	1739	
29819	1739	
29829	1739	
29845	1739	
29855	1739	
29948	1739	
29954	1739	
29959	1739	
30056	1739	
30245	1739	
30338	1739	
30907	1739	
30913	1739	
30926	1739	
30939	1739	
30944	1739	
30949	1739	
30970	1739	
30986	1739	
30994	1739	
31001	1739	
31048	1739	
31059	1739	
31069	1739	
31074	1739	
31090	1739	
31111	1739	
31127	1739	
31137	1739	
31147	1739	
31174	1739	
31179	1739	
31215	1739	
31242	1739	
31247	1739	
31252	1739	
31267	1739	
31288	1739	
31294	1739	
31378	1739	
31404	1739	
31451	1739	
31509	1739	
31514	1739	
31529	1739	
31555	1739	
31610	1739	
31665	1739	
31670	1739	
31675	1739	
31872	1739	
31963	1739	
32747	1739	
33532	1739	
33727	1739	
33738	1739	
34015	1739	
34020	1739	
34158	1739	
34296	1739	
34301	1739	
34387	1739	
34485	1739	
34582	1740	0x8000ea8
34760	1740	
34851	1740	
34861	1740	
34953	1740	
35054	1740	
35148	1740	
35158	1740	
35341	1740	
35351	1740	
35353	1740	
35356	1740	
35541	1740	
35735	1740	
35817	1740	
35924	1740	
36114	1740	
36119	1740	
36216	1740	
36303	1740	
36308	1740	
36494	1740	
36499	1740	
36504	1740	
36597	1740	
36690	1740	
36787	1740	
36788	1740	
36789	1740	
36791	1740	
36792	1740	
36794	1740	
36797	1740	
36799	1740	
36800	1740	
36802	1740	
36804	1740	
36805	1740	
36807	1740	
36809	1740	
36812	1740	
36823	1740	
36828	1740	
36910	1740	
37186	1740	
37191	1740	
37196	1740	
37288	1740	
37395	1740	
37581	1740	
37960	1740	
37962	1740	
37965	1740	
37971	1740	
37976	1740	
37991	1740	
38079	1740	
38084	1740	
38187	1740	
38192	1740	
38279	1740	
38382	1740	
38479	1740	
38579	1740	
38680	1740	
38685	1740	
38772	1740	
38868	1741	0x8001f7c
38970	1741	
38975	1741	
39067	1741	
39640	1741	
39645	1741	
39744	1741	
39922	1741	
39927	1741	
40019	1741	
40121	1741	
40503	1741	
40586	1741	
40588	1741	
40591	1741	
40606	1741	
40792	1741	
40979	1741	
41031	1741	
41082	1741	
41084	1741	
41087	1741	
41179	1741	
41281	1741	
41417	1741	
41554	1741	
41652	1741	
41888	1741	
42042	1741	
42134	1741	
42139	1741	
42230	1741	
42240	1741	
42327	1741	
42685	1741	
42690	1741	
42701	1741	
42703	1741	
42704	1741	
42706	1741	
42711	1741	
42716	1741	
42721	1741	
42731	1741	
42736	1741	
43453	1741	
43458	1741	
43661	1741	
43672	1741	
43759	1741	
43764	1741	
44884	1741	
44889	1741	
44894	1741	
45520	1741	
45525	1741	
45720	1741	
45916	1741	
46003	1741	
46008	1741	
46111	1741	
46193	1741	
46301	1741	
47106	1741	
47116	1741	
47301	1741	
47311	1741	
47413	1741	
47659	1742	0x8001f78
47904	1742	
48110	1742	
48279	1742	
48520	1742	
48946	1742	
49046	1742	
49146	1742	
49147	1742	
49148	1742	
49150	1742	
49151	1742	
49161	1742	
49166	1742	
49174	1742	
49181	1742	
49187	1742	
49299	1742	
49304	1742	
49309	1742	
49319	1742	
49613	1742	
49618	1742	
49718	1742	
49818	1742	
49823	1742	
49936	1742	
49946	1742	
50134	1742	
50354	1742	
50812	1742	
50904	1742	
50914	1742	
51108	1742	
51195	1742	
51197	1742	
51200	1742	
51210	1742	
51293	1742	
51303	1742	
51483	1742	
51585	1742	
51683	1742	
51869	1742	
51870	1742	
51871	1742	
51872	1742	
51873	1742	
51874	1742	
51875	1742	
51876	1742	
51878	1742	
51879	1742	
51881	1742	
51884	1742	
51885	1742	
51886	1742	
51887	1742	
51888	1742	
51889	1742	
51891	1742	
51892	1742	
51894	1742	
51897	1742	
51900	1742	
51905	1742	
51951	1742	
51996	1742	
52001	1742	
52006	1742	
52094	1742	
52232	1742	
52370	1742	
52371	1742	
52372	1742	
52374	1742	
52375	1742	
52376	1742	
52378	1742	
52381	1742	
52386	1742	
52388	1742	
52391	1742	
52401	1742	
52498	1742	
52780	1742	
52872	1742	
53057	1742	
53062	1742	
53067	1742	
53155	1742	
53253	1742	
53351	1742	
53438	1742	
53449	1742	
53796	1742	
53817	1742	
54325	1742	
54613	1742	
54619	1742	
54624	1742	
54800	1742	
55081	1742	
55665	1742	
55940	1742	
55956	1742	
56042	1742	
56227	1742	
56229	1742	
56230	1742	
56232	1742	
56416	1742	
56519	1742	
57894	1742	
58177	1742	
58289	1742	
58294	1742	
58446	1742	
58598	1742	
58619	1742	
58921	1742	
59224	1742	
59240	1742	
59337	1742	
59430	1742	
59625	1742	
59723	1742	
59974	1742	
59990	1742	
60436	1742	
60456	1742	
60584	1742	
60952	1742	
61132	1742	
61445	1742	
61471	1742	
61569	1742	
61651	1742	
61661	1742	
61758	1742	
61850	1742	
61856	1742	
62029	1742	
62219	1742	
62824	1742	
63019	1742	
63024	1742	
63029	1742	
63031	1742	
63032	1742	
63034	1742	
63044	1742	
63046	1742	
63049	1742	
63059	1742	
63065	1742	
63172	1742	
63363	1742	
63368	1742	
63455	1742	
63503	1742	
63552	1742	
63562	1742	
63840	1742	
63927	1742	
63932	1742	
63937	1742	
63942	1742	
63947	1742	
63958	1742	
64055	1742	
64731	1742	
65012	1742	
65061	1742	
65110	1742	
65854	1742	
65860	1742	
65865	1742	
65885	1742	
65987	1742	
66459	1742	
66557	1742	
66605	1766	0x8000fd0 0x8000ff8 0x8001002 0x8001010 0x800101a 0x8001020 0x80013a2 0x8002498 0x80024a8 0x80024b0 0x80024bc 0x80024c8 0x80024d0 0x80024d8 0x80024ea 0x80024f4 0x80024fc 0x8002508 0x8002514 0x800251e 0x8002532 0x800253c 0x8002540 0x800952a
66654	1766	
66659	1766	
66757	1766	
67255	1766	
67261	1766	
67359	1766	
67697	1766	
67702	1766	
67707	1766	
67929	1766	
68442	1766	
68447	1766	
70033	1766	
70146	1766	
70151	1766	
70264	1766	
70550	1766	
70560	1766	
70570	1766	
70619	1766	
70668	1766	
70674	1766	
70864	1766	
70874	1766	
70961	1766	
71531	1766	
71617	1766	
71622	1766	
71718	1766	
72663	1766	
72861	1766	
73060	1766	
73341	1766	
73424	1766	
73923	1766	
74010	1766	
74389	1766	
74590	1766	
74677	1766	
74687	1766	
74969	1766	
74979	1766	
75261	1766	
75579	1766	
76118	1766	
76123	1766	
76166	1766	
76688	1766	
76691	1766	
76694	1766	
76699	1766	
76709	1766	
76755	1766	
76801	1766	
76803	1766	
76806	1766	
76809	1766	
76813	1766	
76816	1766	
77129	1766	
77441	1766	
77754	1766	
77765	1766	
77866	1766	
78153	1766	
78158	1766	
78251	1766	
78261	1766	
78359	1766	
78361	1766	
78364	1766	
78550	1766	
78733	1766	
79107	1766	
79369	1766	
79630	1766	
79674	1766	
79717	1768	0x8002a88 0x8002a98
79718	1768	
79719	1768	
79721	1768	
79722	1768	
79724	1768	
79725	1768	
79727	1768	
79729	1768	
79730	1768	
79732	1806	0x8003cdc 0x8003ce0 0x8004690 0x800469c 0x80046b8 0x80046be 0x80046e0 0x80046e6 0x80046f2 0x80046fa 0x8004702 0x8004708 0x8004718 0x8004728 0x800472e 0x8004736 0x800473c 0x8004744 0x8004754 0x800475a 0x8004762 0x8004766 0x800476a 0x8004770 0x8004782 0x80047a8 0x80047ae 0x80047b8 0x80047bc 0x80047c0 0x80047c6 0x80047d8 0x80047de 0x80047e8 0x80047ee 0x8004820 0x800482a 0x8004830
79734	1806	
79735	1806	
79737	1806	
79748	1806	
79932	1806	
80035	1806	
80132	1806	
80220	1806	
80251	1806	
80282	1806	
80313	1806	
80420	1806	
80425	1806	
80427	1806	
80428	1806	
80430	1806	
80435	1806	
80440	1806	
80442	1806	
80443	1806	
80445	1806	
80450	1806	
80453	1806	
80456	1806	
80466	1806	
80514	1806	
80563	1806	
80584	1806	
80594	1806	
80599	1806	
80610	1806	
80620	1806	
80635	1806	
80821	1806	
81008	1806	
81159	1806	
81310	1806	
81461	1806	
81519	1806	
81578	1806	
82210	1806	
82657	1806	
82836	1806	
83026	1806	
83158	1806	
83266	1806	
83272	1806	
83277	1806	
83391	1806	
83505	1806	
83515	1806	
83633	1806	
83730	1806	
83735	1806	
83741	1806	
83746	1806	
83751	1806	
83973	1806	
83978	1806	
83983	1806	
83988	1806	
83993	1806	
84275	1806	
84285	1806	
84377	1806	
84743	1806	
84753	1806	
85136	1806	
85483	1806	
85494	1806	
85580	1806	
85763	1807	0x8001532
85769	1807	
85774	1807	
